event_id,timestamp,chaste_mean_temp,chaste_std_temp,ilsa_amplitude,ilsa_rms,prediction,confidence,uncertainty,modality,qc_flag
EVENT_0000,2023-01-01 00:00:00,338.91362555720644,0.0424780975013619,12.0,12.0,0,0.21243495,0.5751301,thermal_seismic,3
EVENT_0001,2023-01-01 01:00:00,331.22842786683105,0.0739759144511016,4.0,4.0,1,0.9839878,0.9679756,thermal_seismic,3
EVENT_0002,2023-01-01 02:00:00,323.19941530237224,4.025558060719885,727.0,419.87795845936,1,0.9721338,0.94426763,thermal_seismic,2
EVENT_0003,2023-01-01 03:00:00,337.57992914356134,0.0452339836716761,62.0,60.792844973730254,1,0.5244695,0.04893899,thermal_seismic,3
EVENT_0004,2023-01-01 04:00:00,3323.190138674885,0.7228782645727928,3.0,1.8708286933869709,0,0.18660024,0.6267995,thermal_seismic,3
EVENT_0005,2023-01-01 05:00:00,327.2992139334155,0.0954506081566516,12.0,11.789707375503433,1,0.9859261,0.9718522,thermal_seismic,3
EVENT_0006,2023-01-01 06:00:00,3401.970328789094,0.1696786084028747,52.0,20.005759170798797,1,0.8740507,0.74810135,thermal_seismic,3
EVENT_0007,2023-01-01 07:00:00,3318.597042513863,0.8170494547463201,3.0,1.8708286933869709,0,0.3173807,0.3652386,thermal_seismic,3
EVENT_0008,2023-01-01 08:00:00,327.0089405605175,0.0693050449844411,60.0,60.0,1,0.9933564,0.9867128,thermal_seismic,3
EVENT_0009,2023-01-01 09:00:00,333.8285859519408,0.0640755136362899,60.0,60.0,1,0.99195284,0.9839057,thermal_seismic,3
EVENT_0010,2023-01-01 10:00:00,334.81576478149094,0.0671188654668566,54.0,54.0,0,0.19825564,0.6034887,thermal_seismic,3
EVENT_0011,2023-01-01 11:00:00,3311.100462249615,0.7738502195440107,16.0,16.0,0,0.022802897,0.9543942,thermal_seismic,3
EVENT_0012,2023-01-01 12:00:00,3293.1057036577804,1.6396508039977526,42.0,42.0,0,0.030505296,0.9389894,thermal_seismic,3
EVENT_0013,2023-01-01 13:00:00,339.8138253215979,0.0498534543905864,58.0,58.0,0,0.08289009,0.8342198,thermal_seismic,3
EVENT_0014,2023-01-01 14:00:00,3335.34011090573,0.734359940704826,62.0,60.745666512106034,0,0.13421123,0.7315775,thermal_seismic,3
EVENT_0015,2023-01-01 15:00:00,3293.6515572001235,2.9034339954294484,3.0,1.8708286933869709,0,0.19506153,0.60987693,thermal_seismic,3
EVENT_0016,2023-01-01 16:00:00,3380.2218788627933,0.4803592909131333,0.0,0.0,0,0.27455133,0.45089734,thermal_seismic,3
EVENT_0017,2023-01-01 17:00:00,321.5790765010667,0.2113686707258537,3.0,1.8708286933869709,1,0.9822081,0.96441615,thermal_seismic,0
EVENT_0018,2023-01-01 18:00:00,327.94670261941457,0.097891355184962,58.0,56.07242459533919,1,0.9923029,0.9846058,thermal_seismic,3
EVENT_0019,2023-01-01 19:00:00,333.41852171234984,0.069344913562892,60.0,60.0,1,0.9927873,0.9855746,thermal_seismic,3
EVENT_0020,2023-01-01 20:00:00,3316.5277435265107,0.7089578070655224,40.0,40.0,0,0.08569121,0.8286176,thermal_seismic,3
EVENT_0021,2023-01-01 21:00:00,3404.013569321534,0.2248406916907005,18.0,17.911951317486324,0,0.14175601,0.716488,thermal_seismic,3
EVENT_0022,2023-01-01 22:00:00,3408.8223495702005,3.0020936693065803,8.0,8.0,0,0.028080417,0.9438392,thermal_seismic,3
EVENT_0023,2023-01-01 23:00:00,3395.108191653787,0.3106223105921483,10.0,8.880968415662787,1,0.7654499,0.53089976,thermal_seismic,3
EVENT_0024,2023-01-02 00:00:00,3426.600058258083,1.5764691166402447,54.0,54.0,0,0.1340679,0.7318642,thermal_seismic,3
EVENT_0025,2023-01-02 01:00:00,3333.8686990642923,0.7099576544441671,12.0,12.0,0,0.48402488,0.031950235,thermal_seismic,3
EVENT_0026,2023-01-02 02:00:00,3377.8208601422284,0.4470753874291795,25.0,14.577379737113253,1,0.94713926,0.8942785,thermal_seismic,3
EVENT_0027,2023-01-02 03:00:00,322.93178391959805,0.050328903578279,14.0,14.0,1,0.98563683,0.97127366,thermal_seismic,3
EVENT_0028,2023-01-02 04:00:00,1000.3096582222222,1.5139734911322935,58.0,58.0,0,0.23057514,0.5388497,thermal_seismic,3
EVENT_0029,2023-01-02 05:00:00,340.34000000000003,5.684341886080803e-14,58.0,58.0,0,0.38788396,0.22423208,thermal_seismic,3
EVENT_0030,2023-01-02 06:00:00,3397.847228099873,0.3803518339450255,62.0,61.81890002256591,0,0.29808056,0.40383887,thermal_seismic,3
EVENT_0031,2023-01-02 07:00:00,3394.5996304280875,0.4906013972530715,12.0,12.0,1,0.8027988,0.6055976,thermal_seismic,3
EVENT_0032,2023-01-02 08:00:00,333.8249737411183,1.8211385971875451,12.0,12.0,1,0.9094377,0.81887543,thermal_seismic,3
EVENT_0033,2023-01-02 09:00:00,3389.2992577597843,0.4788222051452821,60.0,60.0,0,0.13065946,0.7386811,thermal_seismic,3
EVENT_0034,2023-01-02 10:00:00,3302.9420825631546,0.8499776231828733,62.0,60.04654527947466,0,0.08455334,0.83089334,thermal_seismic,3
EVENT_0035,2023-01-02 11:00:00,331.25115526802216,0.0811902517316743,36.0,34.378365289815626,1,0.98480505,0.9696101,thermal_seismic,3
EVENT_0036,2023-01-02 12:00:00,3300.5007708911503,0.5012313154294192,42.0,42.0,0,0.04439099,0.91121805,thermal_seismic,3
EVENT_0037,2023-01-02 13:00:00,3347.509096515572,0.5669708565174993,4086.0,70.94507171044371,1,0.9573651,0.9147302,thermal_seismic,3
EVENT_0038,2023-01-02 14:00:00,337.8190819470116,0.0452468556114934,60.0,60.0,0,0.138036,0.723928,thermal_seismic,3
EVENT_0039,2023-01-02 15:00:00,340.52582844800986,0.043188987966947,62.0,61.95630072882015,0,0.10903743,0.78192514,thermal_seismic,3
EVENT_0040,2023-01-02 16:00:00,3375.1403887688984,0.5568908903837501,62.0,60.86344387232783,0,0.111297995,0.777404,thermal_seismic,3
EVENT_0041,2023-01-02 17:00:00,3328.200246457178,0.7605977079452477,2.0,1.2909944487358056,0,0.056383837,0.8872323,thermal_seismic,3
EVENT_0042,2023-01-02 18:00:00,3313.655576093653,0.7909948485890499,52.0,52.0,0,0.021836566,0.95632684,thermal_seismic,3
EVENT_0043,2023-01-02 19:00:00,3373.2279026793963,0.444433807990396,3.0,1.8708286933869709,1,0.81494665,0.6298933,thermal_seismic,3
EVENT_0044,2023-01-02 20:00:00,3369.660912453761,0.4906661778958994,44.0,44.0,0,0.1782812,0.6434376,thermal_seismic,3
EVENT_0045,2023-01-02 21:00:00,3400.6192533168773,0.4862054503020062,12.0,12.0,0,0.14727439,0.70545125,thermal_seismic,3
EVENT_0046,2023-01-02 22:00:00,3400.9919354838707,0.0894398105355598,12.0,12.0,0,0.075230874,0.84953827,thermal_seismic,3
EVENT_0047,2023-01-02 23:00:00,3373.5505237215034,0.5228052766205652,4090.0,51.09980430490904,1,0.91647905,0.8329581,thermal_seismic,3
EVENT_0048,2023-01-03 00:00:00,3387.295222405272,0.4561426714278602,58.0,58.0,0,0.10542074,0.7891585,thermal_seismic,3
EVENT_0049,2023-01-03 01:00:00,3339.8576020572164,0.6712916662945597,4.0,4.0,0,0.049914587,0.9001708,thermal_seismic,3
EVENT_0050,2023-01-03 02:00:00,3398.5267473643107,0.4992840659408474,2717.0,1568.8050123156372,1,0.8596468,0.7192936,thermal_seismic,3
EVENT_0051,2023-01-03 03:00:00,3386.8709353000336,0.4383975981656463,1.0,0.7071067811865476,0,0.12862495,0.7427501,thermal_seismic,3
EVENT_0052,2023-01-03 04:00:00,336.62290163428924,0.0532409264065906,2.0,1.2909944487358056,0,0.07605576,0.84788847,thermal_seismic,0
EVENT_0053,2023-01-03 05:00:00,2640.5090311986864,11.72678857683517,60.0,60.0,1,0.73235005,0.4647001,thermal_seismic,3
EVENT_0054,2023-01-03 06:00:00,3358.528831329016,0.5361016279732448,10.0,10.0,0,0.04688915,0.9062217,thermal_seismic,3
EVENT_0055,2023-01-03 07:00:00,339.57959233791746,0.0277722427227437,0.0,0.0,0,0.030728513,0.93854296,thermal_seismic,0
EVENT_0056,2023-01-03 08:00:00,342.3687676886792,0.3422192973029778,54.0,54.0,0,0.079402655,0.8411947,thermal_seismic,3
EVENT_0057,2023-01-03 09:00:00,3393.6428355043927,0.4797956811934396,24.0,24.0,0,0.20123714,0.5975257,thermal_seismic,3
EVENT_0058,2023-01-03 10:00:00,3336.9333128457283,0.8653205309262492,14.0,14.0,0,0.04482446,0.9103511,thermal_seismic,3
EVENT_0059,2023-01-03 11:00:00,3258.414048059149,2.7090091478822185,58.0,58.0,0,0.33573824,0.32852352,thermal_seismic,3
EVENT_0060,2023-01-03 12:00:00,3327.485053929122,0.6237530218144202,24.0,24.0,0,0.10401788,0.79196423,thermal_seismic,3
EVENT_0061,2023-01-03 13:00:00,332.9950984067479,0.0702474628008096,62.0,61.59271710194315,1,0.9905912,0.98118246,thermal_seismic,3
EVENT_0062,2023-01-03 14:00:00,3368.5012539184954,0.53746618595279,60.0,60.0,1,0.5529795,0.10595906,thermal_seismic,3
EVENT_0063,2023-01-03 15:00:00,339.9207550785742,0.0423242538805036,16.0,15.007131637991318,0,0.0839949,0.8320102,thermal_seismic,3
EVENT_0064,2023-01-03 16:00:00,341.0216019716574,0.0225573121469371,10.0,5.916079783099616,0,0.12867203,0.74265593,thermal_seismic,0
EVENT_0065,2023-01-03 17:00:00,340.9904524469067,0.045625622357679,0.0,0.0,0,0.025006512,0.949987,thermal_seismic,0
EVENT_0066,2023-01-03 18:00:00,320.9415561610657,0.175541548932984,10.0,10.0,1,0.98545074,0.9709015,thermal_seismic,3
EVENT_0067,2023-01-03 19:00:00,3341.9981492905613,0.7224241389688528,3.0,1.8708286933869709,0,0.081076324,0.83784735,thermal_seismic,3
EVENT_0068,2023-01-03 20:00:00,316.86207228915663,0.1516369938596989,10.0,10.0,1,0.9754906,0.95098126,thermal_seismic,3
EVENT_0069,2023-01-03 21:00:00,3334.2732558139537,0.7449156774111475,124.0,60.929713605104034,1,0.9040132,0.80802643,thermal_seismic,3
EVENT_0070,2023-01-03 22:00:00,3403.704433497537,0.4562969921934743,62.0,61.91178240044459,1,0.56387156,0.12774312,thermal_seismic,3
EVENT_0071,2023-01-03 23:00:00,3377.0085959885387,0.10213871545593,3.0,1.8708286933869709,0,0.1643794,0.67124116,thermal_seismic,3
EVENT_0072,2023-01-04 00:00:00,3400.8545510455106,0.352552912521572,3.0,1.8708286933869709,0,0.17855743,0.64288515,thermal_seismic,3
EVENT_0073,2023-01-04 01:00:00,3202.5589133089134,2.202481515570219,10.0,10.0,0,0.051837265,0.89632547,thermal_seismic,3
EVENT_0074,2023-01-04 02:00:00,3343.626049114081,0.6290889456472626,60.0,60.0,0,0.24810222,0.50379556,thermal_seismic,3
EVENT_0075,2023-01-04 03:00:00,340.26814835316907,0.0364008820403117,10.0,10.0,0,0.058361795,0.8832764,thermal_seismic,3
EVENT_0076,2023-01-04 04:00:00,3365.290342486887,0.541914202367327,3.0,1.8708286933869709,0,0.09547946,0.8090411,thermal_seismic,3
EVENT_0077,2023-01-04 05:00:00,3223.917548226509,1.2032354071154083,3.0,1.8708286933869709,1,0.7961058,0.5922116,thermal_seismic,3
EVENT_0078,2023-01-04 06:00:00,330.10264017252,0.2161232631061862,60.0,60.0,1,0.99289703,0.98579407,thermal_seismic,3
EVENT_0079,2023-01-04 07:00:00,340.1097976080957,0.049093176344699,16.0,16.0,0,0.024909243,0.9501815,thermal_seismic,3
EVENT_0080,2023-01-04 08:00:00,3394.043338683788,0.2036183741110687,58.0,58.0,1,0.6363075,0.27261496,thermal_seismic,3
EVENT_0081,2023-01-04 09:00:00,340.9127171492205,0.0245441776126175,52.0,52.0,0,0.21235202,0.5752959,thermal_seismic,3
EVENT_0082,2023-01-04 10:00:00,337.9314694656489,0.0431725746864527,3.0,1.8708286933869709,0,0.20032792,0.59934413,thermal_seismic,0
EVENT_0083,2023-01-04 11:00:00,340.59344317831847,0.0442669661843186,40.0,37.879276656240414,1,0.8306111,0.6612222,thermal_seismic,0
EVENT_0084,2023-01-04 12:00:00,340.9317506972753,0.0358161480645542,60.0,60.0,1,0.77500707,0.55001414,thermal_seismic,3
EVENT_0085,2023-01-04 13:00:00,323.63572806471683,0.1161815285749162,28.0,28.0,1,0.9854096,0.97081923,thermal_seismic,3
EVENT_0086,2023-01-04 14:00:00,336.75422626387183,0.053900162086684,60.0,60.0,1,0.89006186,0.7801237,thermal_seismic,3
EVENT_0087,2023-01-04 15:00:00,340.9216080819264,0.0127653896961897,18.0,17.824802944212315,1,0.6030313,0.20606256,thermal_seismic,3
EVENT_0088,2023-01-04 16:00:00,3388.0923423423424,0.4489719945761536,12.0,12.0,0,0.1362801,0.72743976,thermal_seismic,3
EVENT_0089,2023-01-04 17:00:00,338.91649644202585,0.0441314260200309,10.0,10.0,0,0.19672328,0.60655344,thermal_seismic,3
EVENT_0090,2023-01-04 18:00:00,332.0399722650231,0.077208016508684,36.0,34.083485737230575,1,0.9855496,0.97109926,thermal_seismic,3
EVENT_0091,2023-01-04 19:00:00,3402.502882767457,0.4999916895827273,18.0,17.999288874841696,0,0.17917545,0.6416491,thermal_seismic,3
EVENT_0092,2023-01-04 20:00:00,3381.524807395994,0.5151788489610126,0.0,0.0,0,0.05044086,0.8991183,thermal_seismic,3
EVENT_0093,2023-01-04 21:00:00,338.8322360616844,0.04949609692274,2.0,1.2909944487358056,0,0.10904794,0.7819041,thermal_seismic,0
EVENT_0094,2023-01-04 22:00:00,3417.9330778301887,3.520903240751571,2.0,2.0,0,0.03243962,0.93512076,thermal_seismic,3
EVENT_0095,2023-01-04 23:00:00,3401.6001852423587,0.4898600996340874,0.0,0.0,0,0.07725509,0.8454898,thermal_seismic,3
EVENT_0096,2023-01-05 00:00:00,3291.0203327171903,2.24463885428301,2.0,1.2909944487358056,0,0.14788818,0.70422363,thermal_seismic,3
EVENT_0097,2023-01-05 01:00:00,336.8595339547271,0.016913537631111,10.0,10.0,0,0.242985,0.51403,thermal_seismic,3
EVENT_0098,2023-01-05 02:00:00,336.4800523721504,0.05206840344506,18.0,18.0,0,0.20991531,0.5801694,thermal_seismic,3
EVENT_0099,2023-01-05 03:00:00,3399.92868169188,0.2879302334498131,12.0,11.976694034665828,0,0.0934747,0.8130506,thermal_seismic,3
EVENT_0100,2023-01-05 04:00:00,3285.4663372452133,1.8961479400132195,16.0,16.0,0,0.060123835,0.87975234,thermal_seismic,3
EVENT_0101,2023-01-05 05:00:00,339.4792634287553,0.0449194742570406,14.0,14.0,0,0.12132999,0.75734,thermal_seismic,3
EVENT_0102,2023-01-05 06:00:00,327.3145084745763,0.1440954368482099,3.0,1.8708286933869709,1,0.98216635,0.9643327,thermal_seismic,0
EVENT_0103,2023-01-05 07:00:00,339.33914048059137,0.0427205665767997,2522.0,57.33279689671523,1,0.9182667,0.8365334,thermal_seismic,0
EVENT_0104,2023-01-05 08:00:00,3302.6997840172785,0.7654386204296205,60.0,60.0,0,0.4265008,0.1469984,thermal_seismic,3
EVENT_0105,2023-01-05 09:00:00,3363.602283245912,0.5488601703276744,60.0,60.0,0,0.29408407,0.41183186,thermal_seismic,3
EVENT_0106,2023-01-05 10:00:00,336.3438305084746,0.0500369255935564,1.0,0.7071067811865476,0,0.112765655,0.77446866,thermal_seismic,0
EVENT_0107,2023-01-05 11:00:00,3275.840160147829,1.16514982054618,1985.0,1146.1846128205816,0,0.45262837,0.09474325,thermal_seismic,3
EVENT_0108,2023-01-05 12:00:00,333.6899199014171,0.0758183514705105,14.0,14.0,1,0.9829034,0.96580684,thermal_seismic,3
EVENT_0109,2023-01-05 13:00:00,3354.37176325524,0.5171693068206905,518.0,16.624391718195287,1,0.98575735,0.9715147,thermal_seismic,3
EVENT_0110,2023-01-05 14:00:00,3385.6975955610355,0.4633088938570336,12.0,12.0,1,0.77572227,0.55144453,thermal_seismic,3
EVENT_0111,2023-01-05 15:00:00,3399.5940777297965,0.4916973499039398,16.0,16.0,1,0.68638587,0.37277174,thermal_seismic,3
EVENT_0112,2023-01-05 16:00:00,3246.11124260355,0.8317253723373306,2.0,1.2909944487358056,1,0.70314896,0.40629792,thermal_seismic,3
EVENT_0113,2023-01-05 17:00:00,3402.089108910891,0.2849008825730328,2.0,2.0,0,0.038671974,0.92265606,thermal_seismic,3
EVENT_0114,2023-01-05 18:00:00,334.8054233128834,0.0840641659471271,18.0,17.99893330172652,0,0.19939558,0.6012088,thermal_seismic,3
EVENT_0115,2023-01-05 19:00:00,338.50179943767574,0.0230061537683183,60.0,60.0,0,0.28099963,0.43800074,thermal_seismic,3
EVENT_0116,2023-01-05 20:00:00,3365.671826625387,0.5148375026663946,3.0,1.8708286933869709,1,0.63235605,0.2647121,thermal_seismic,3
EVENT_0117,2023-01-05 21:00:00,3308.2322383498854,9.88224788088456,1.0,0.7071067811865476,0,0.07918214,0.8416357,thermal_seismic,3
EVENT_0118,2023-01-05 22:00:00,335.5689888504421,0.0483803044112713,26.0,26.0,0,0.121390484,0.757219,thermal_seismic,3
EVENT_0119,2023-01-05 23:00:00,3355.6395061728394,0.5033662025926188,60.0,60.0,1,0.5494201,0.09884024,thermal_seismic,3
EVENT_0120,2023-01-06 00:00:00,334.2404416037188,0.0723465913112876,10.0,10.0,1,0.9849829,0.9699658,thermal_seismic,3
EVENT_0121,2023-01-06 01:00:00,335.30729323308265,0.0153714812367483,0.0,0.0,0,0.050212678,0.89957464,thermal_seismic,0
EVENT_0122,2023-01-06 02:00:00,330.3315266617969,0.1548882329354195,60.0,60.0,1,0.99087065,0.9817413,thermal_seismic,3
EVENT_0123,2023-01-06 03:00:00,347.1178896593308,1.819806002940272,3.0,1.8708286933869709,0,0.16334422,0.6733116,thermal_seismic,2
EVENT_0124,2023-01-06 04:00:00,340.8779096045198,0.0449058370542175,60.0,60.0,0,0.24679397,0.506412,thermal_seismic,3
EVENT_0125,2023-01-06 05:00:00,337.2079605579605,0.0493622276336644,16.0,16.0,0,0.1536062,0.6927876,thermal_seismic,3
EVENT_0126,2023-01-06 06:00:00,3219.386006026113,41.798718730721006,10.0,10.0,0,0.02241512,0.95516974,thermal_seismic,3
EVENT_0127,2023-01-06 07:00:00,339.26086455331404,0.0397521367306881,0.0,0.0,0,0.09171304,0.8165739,thermal_seismic,0
EVENT_0128,2023-01-06 08:00:00,3308.5314232902037,0.8720156084143896,8.0,8.0,0,0.011527958,0.9769441,thermal_seismic,3
EVENT_0129,2023-01-06 09:00:00,3300.4585565710686,0.6584800874422758,14.0,14.0,0,0.08258115,0.8348377,thermal_seismic,3
EVENT_0130,2023-01-06 10:00:00,3292.9417565485364,0.7651886758222296,12.0,12.0,0,0.06760606,0.8647879,thermal_seismic,3
EVENT_0131,2023-01-06 11:00:00,330.60887669464165,0.1396612276932009,2.0,1.2909944487358056,1,0.97104126,0.9420825,thermal_seismic,0
EVENT_0132,2023-01-06 12:00:00,3195.9148484848483,1.8210114092999896,16.0,16.0,0,0.16496089,0.6700782,thermal_seismic,3
EVENT_0133,2023-01-06 13:00:00,328.28440369799694,0.105325632207374,12.0,12.0,1,0.9869533,0.97390664,thermal_seismic,3
EVENT_0134,2023-01-06 14:00:00,3396.2156630080094,0.4141565622050814,28.0,28.0,0,0.22224234,0.5555153,thermal_seismic,3
EVENT_0135,2023-01-06 15:00:00,327.6229710591133,0.0991404395220913,1458.0,16.630393861842236,1,0.9914737,0.98294735,thermal_seismic,0
EVENT_0136,2023-01-06 16:00:00,347.8038071365379,0.0909936462880113,60.0,60.0,1,0.8158646,0.63172925,thermal_seismic,3
EVENT_0137,2023-01-06 17:00:00,322.4504851425106,0.277033046048265,2.0,1.2909944487358056,1,0.96743953,0.93487906,thermal_seismic,0
EVENT_0138,2023-01-06 18:00:00,338.8425477510782,0.0513665086080978,58.0,58.0,0,0.15939356,0.6812129,thermal_seismic,3
EVENT_0139,2023-01-06 19:00:00,3297.497148781752,0.5071977099745627,10.0,10.0,0,0.024331028,0.95133793,thermal_seismic,3
EVENT_0140,2023-01-06 20:00:00,3345.4098083427284,0.4917981953592182,34.0,19.77371993328519,1,0.93430376,0.8686075,thermal_seismic,3
EVENT_0141,2023-01-06 21:00:00,3349.393088552916,0.5770487383236349,10.0,10.0,0,0.064832546,0.8703349,thermal_seismic,3
EVENT_0142,2023-01-06 22:00:00,3400.202580645161,1.41080081218732,58.0,58.0,1,0.53576916,0.07153833,thermal_seismic,3
EVENT_0143,2023-01-06 23:00:00,323.2538787324802,0.1081757261668531,10.0,9.538637219225816,1,0.98078364,0.9615673,thermal_seismic,3
EVENT_0144,2023-01-07 00:00:00,330.42875323834187,0.0787834556938658,52.0,51.54568459143792,1,0.9848049,0.96960986,thermal_seismic,3
EVENT_0145,2023-01-07 01:00:00,3474.0020642878208,0.950094370514164,3450.0,79.4922210030642,1,0.87297946,0.7459589,thermal_seismic,3
EVENT_0146,2023-01-07 02:00:00,3258.961455442492,0.7299973029977848,60.0,60.0,1,0.9023085,0.80461705,thermal_seismic,3
EVENT_0147,2023-01-07 03:00:00,3400.471165644172,0.4991678875127801,4.0,4.0,0,0.0391111,0.9217778,thermal_seismic,3
EVENT_0148,2023-01-07 04:00:00,3392.674597083653,0.4701603745495361,60.0,60.0,0,0.23182154,0.5363569,thermal_seismic,3
EVENT_0149,2023-01-07 05:00:00,3261.954643628509,0.9949475283649928,62.0,61.95492232260485,1,0.6438554,0.2877108,thermal_seismic,3
EVENT_0150,2023-01-07 06:00:00,337.2756949152543,0.0498372017348882,190.0,61.23960483216723,1,0.9531252,0.90625036,thermal_seismic,0
EVENT_0151,2023-01-07 07:00:00,3213.035175879397,0.1842241485409382,14.0,12.449401592044492,0,0.12072168,0.7585566,thermal_seismic,3
EVENT_0152,2023-01-07 08:00:00,337.45218604651166,0.0502122267209695,14.0,14.0,1,0.80855757,0.61711514,thermal_seismic,3
EVENT_0153,2023-01-07 09:00:00,3368.4437596302005,0.5017645696565024,10.0,10.0,0,0.11182432,0.77635133,thermal_seismic,3
EVENT_0154,2023-01-07 10:00:00,340.22018867924527,0.0457429473288727,62.0,4.094581785726107,1,0.8038402,0.60768044,thermal_seismic,0
EVENT_0155,2023-01-07 11:00:00,3382.547611895464,0.4989335320871459,12.0,12.0,0,0.3119516,0.37609679,thermal_seismic,3
EVENT_0156,2023-01-07 12:00:00,340.7155498333839,0.0351597688613417,3.0,1.8708286933869709,0,0.06936154,0.8612769,thermal_seismic,0
EVENT_0157,2023-01-07 13:00:00,3351.2391371340523,0.6112528708344384,3.0,1.8708286933869709,0,0.16522829,0.6695434,thermal_seismic,3
EVENT_0158,2023-01-07 14:00:00,338.680656394453,0.0608681463645217,28.0,28.0,1,0.65463775,0.3092755,thermal_seismic,3
EVENT_0159,2023-01-07 15:00:00,3389.098540145985,0.2980435968353912,14.0,14.0,1,0.7989167,0.5978334,thermal_seismic,3
EVENT_0160,2023-01-07 16:00:00,3370.245532963648,0.6168985662382174,12.0,12.0,0,0.15897429,0.6820514,thermal_seismic,3
EVENT_0161,2023-01-07 17:00:00,3316.0856438693777,0.7806562724698095,0.0,0.0,0,0.086337544,0.8273249,thermal_seismic,3
EVENT_0162,2023-01-07 18:00:00,3384.7067530064755,0.4606374905220299,58.0,58.0,0,0.17140156,0.6571969,thermal_seismic,3
EVENT_0163,2023-01-07 19:00:00,3372.109942638623,0.4434459295556073,16.0,16.0,0,0.17507742,0.6498451,thermal_seismic,3
EVENT_0164,2023-01-07 20:00:00,339.7919889162563,0.0466433367414177,4.0,3.96550122935298,0,0.02371112,0.95257777,thermal_seismic,3
EVENT_0165,2023-01-07 21:00:00,3397.0,0.0,8.0,8.0,1,0.50620306,0.012406111,thermal_seismic,3
EVENT_0166,2023-01-07 22:00:00,340.0150148367953,0.0478165673403554,22.0,22.0,0,0.06837761,0.8632448,thermal_seismic,3
EVENT_0167,2023-01-07 23:00:00,3376.611829944547,0.5113938192469211,60.0,59.90848020105334,0,0.10913788,0.7817242,thermal_seismic,3
EVENT_0168,2023-01-08 00:00:00,3397.006471494607,0.2008181253009399,22.0,12.84523257866513,1,0.9658928,0.9317856,thermal_seismic,3
EVENT_0169,2023-01-08 01:00:00,3395.476538695917,0.4994492639004794,38.0,4.035542094935946,1,0.7869496,0.57389915,thermal_seismic,3
EVENT_0170,2023-01-08 02:00:00,3361.4270730907897,0.5103079586083884,3.0,1.8708286933869709,0,0.40526158,0.18947685,thermal_seismic,3
EVENT_0171,2023-01-08 03:00:00,3325.955329636476,0.7715926023222369,12.0,12.0,0,0.028273053,0.9434539,thermal_seismic,3
EVENT_0172,2023-01-08 04:00:00,3385.808561808562,0.3982933769786659,2.0,2.0,0,0.060154185,0.8796916,thermal_seismic,3
EVENT_0173,2023-01-08 05:00:00,306.87013063357284,0.0704792490146012,52.0,51.54568459143792,1,0.9812728,0.96254563,thermal_seismic,3
EVENT_0174,2023-01-08 06:00:00,335.0630752688172,0.0859777354081405,2.0,1.2909944487358056,0,0.080110855,0.8397783,thermal_seismic,0
EVENT_0175,2023-01-08 07:00:00,337.3861281337048,0.0499614922983097,62.0,60.98159394440261,1,0.7740205,0.548041,thermal_seismic,3
EVENT_0176,2023-01-08 08:00:00,333.0017657935285,0.0734439652088758,18.0,18.0,1,0.9808111,0.96162224,thermal_seismic,3
EVENT_0177,2023-01-08 09:00:00,328.63805290679795,0.1124468156182057,16.0,16.0,1,0.97991484,0.9598297,thermal_seismic,3
EVENT_0178,2023-01-08 10:00:00,3337.6724137931037,0.7297254204677502,10.0,10.0,0,0.021595335,0.95680934,thermal_seismic,3
EVENT_0179,2023-01-08 11:00:00,3379.006790123457,0.4485403684448883,62.0,61.91000888386304,0,0.17741534,0.6451693,thermal_seismic,3
EVENT_0180,2023-01-08 12:00:00,340.789969183359,0.0489960751811073,8.0,8.0,0,0.012099348,0.9758013,thermal_seismic,3
EVENT_0181,2023-01-08 13:00:00,3378.256315465188,0.5933357389591501,4.0,4.0,0,0.045809932,0.90838015,thermal_seismic,3
EVENT_0182,2023-01-08 14:00:00,331.52632470733204,0.084156233545891,10.0,10.0,1,0.9814293,0.96285856,thermal_seismic,3
EVENT_0183,2023-01-08 15:00:00,3298.370358716173,1.1698283467837567,14.0,14.0,0,0.019262375,0.96147525,thermal_seismic,3
EVENT_0184,2023-01-08 16:00:00,330.9752942989214,0.0795698062465335,678.0,391.587793476763,1,0.9901917,0.9803834,thermal_seismic,0
EVENT_0185,2023-01-08 17:00:00,340.1986896962478,0.0499828280920359,10.0,9.84526282026031,0,0.020162797,0.9596744,thermal_seismic,3
EVENT_0186,2023-01-08 18:00:00,330.72472538860103,0.0457584582965476,58.0,57.91069676665961,1,0.98601365,0.9720273,thermal_seismic,3
EVENT_0187,2023-01-08 19:00:00,339.6500431432974,0.02914917775729,44.0,44.0,0,0.15430838,0.69138324,thermal_seismic,3
EVENT_0188,2023-01-08 20:00:00,3265.303516347933,1.0245806704035447,14.0,14.0,0,0.06727885,0.8654423,thermal_seismic,3
EVENT_0189,2023-01-08 21:00:00,331.0150631352018,0.04512980306304,60.0,59.90907109945872,1,0.985297,0.97059405,thermal_seismic,3
EVENT_0190,2023-01-08 22:00:00,336.7886260012324,0.0585622354217317,36.0,36.0,0,0.20216177,0.5956764,thermal_seismic,3
EVENT_0191,2023-01-08 23:00:00,334.6059090909091,0.0705889102010597,142.0,14.28837289546994,1,0.9857303,0.9714606,thermal_seismic,0
EVENT_0192,2023-01-09 00:00:00,334.81903484427994,0.0731951696443427,2.0,1.2909944487358056,0,0.06930075,0.8613985,thermal_seismic,0
EVENT_0193,2023-01-09 01:00:00,3305.788046826864,0.8755204801588291,18.0,17.26475021539553,0,0.03493298,0.93013406,thermal_seismic,3
EVENT_0194,2023-01-09 02:00:00,3402.944464876793,0.229021774723361,0.0,0.0,0,0.05897289,0.8820542,thermal_seismic,3
EVENT_0195,2023-01-09 03:00:00,3466.9222188724752,18.763237172186205,16.0,16.0,0,0.09338553,0.81322896,thermal_seismic,3
EVENT_0196,2023-01-09 04:00:00,331.6928039396737,0.0759763698453407,3.0,1.8708286933869709,1,0.9787016,0.9574032,thermal_seismic,0
EVENT_0197,2023-01-09 05:00:00,3280.017862642439,1.368500847412304,3.0,1.8708286933869709,1,0.59382355,0.1876471,thermal_seismic,3
EVENT_0198,2023-01-09 06:00:00,343.2082027381299,0.1523489361235319,34.0,19.77371993328519,1,0.96827906,0.9365581,thermal_seismic,0
EVENT_0199,2023-01-09 07:00:00,3339.888991674376,0.7320757731564944,12.0,12.0,0,0.09739754,0.8052049,thermal_seismic,3
EVENT_0200,2023-01-09 08:00:00,3264.731977818854,0.5732861630720364,16.0,16.0,0,0.13600482,0.7279904,thermal_seismic,3
EVENT_0201,2023-01-09 09:00:00,329.01494224711234,0.1170749791471538,12.0,12.0,1,0.9869533,0.97390664,thermal_seismic,3
EVENT_0202,2023-01-09 10:00:00,331.04678307588983,0.0449766071090974,50.0,48.622348770909866,1,0.9719587,0.9439174,thermal_seismic,3
EVENT_0203,2023-01-09 11:00:00,3333.0144793592112,0.7590731673278113,10.0,10.0,0,0.013732591,0.97253484,thermal_seismic,3
EVENT_0204,2023-01-09 12:00:00,322.78453935098844,0.135380238820939,10.0,10.0,1,0.9814293,0.96285856,thermal_seismic,3
EVENT_0205,2023-01-09 13:00:00,325.15723766816143,0.0916563674939446,8.0,7.999624991210525,1,0.98415935,0.9683187,thermal_seismic,3
EVENT_0206,2023-01-09 14:00:00,338.37106592729515,0.0508319931286887,32.0,32.0,1,0.5212789,0.042557836,thermal_seismic,3
EVENT_0207,2023-01-09 15:00:00,336.07101710171014,0.0548670816357549,3.0,1.8708286933869709,0,0.08676674,0.8264665,thermal_seismic,0
EVENT_0208,2023-01-09 16:00:00,3211.6019417475727,2.877228324543972,34.0,19.77371993328519,1,0.95095253,0.90190506,thermal_seismic,3
EVENT_0209,2023-01-09 17:00:00,333.2054635047736,0.0682042924474567,56.0,55.54954545268575,1,0.99150664,0.9830133,thermal_seismic,3
EVENT_0210,2023-01-09 18:00:00,3289.337750385208,0.4832560269830207,0.0,0.0,0,0.18058369,0.6388326,thermal_seismic,3
EVENT_0211,2023-01-09 19:00:00,3374.0060606060606,0.1229421986369745,8.0,8.0,0,0.0516544,0.8966912,thermal_seismic,3
EVENT_0212,2023-01-09 20:00:00,3098.2624728850324,0.8023025174615135,40.0,40.0,0,0.048049275,0.90390146,thermal_seismic,3
EVENT_0213,2023-01-09 21:00:00,3189.739664082688,22.39889838770574,13.0,7.648529270389178,1,0.75401634,0.5080327,thermal_seismic,3
EVENT_0214,2023-01-09 22:00:00,327.0446177487515,0.2140767368816958,62.0,60.9533789055209,1,0.9902146,0.9804292,thermal_seismic,3
EVENT_0215,2023-01-09 23:00:00,3342.4144393241168,0.8854379793578155,60.0,60.0,0,0.09717367,0.8056527,thermal_seismic,3
EVENT_0216,2023-01-10 00:00:00,341.48599713467047,0.2900859372576628,52.0,52.0,0,0.088558994,0.822882,thermal_seismic,3
EVENT_0217,2023-01-10 01:00:00,3321.092758089368,0.7694233358018672,2.0,1.2909944487358056,0,0.05227483,0.89545035,thermal_seismic,3
EVENT_0218,2023-01-10 02:00:00,332.5211922365989,0.0744515499192987,3.0,1.8708286933869709,1,0.9808022,0.96160436,thermal_seismic,0
EVENT_0219,2023-01-10 03:00:00,340.72919447640965,0.0089388752524478,0.0,0.0,0,0.062368937,0.87526214,thermal_seismic,0
EVENT_0220,2023-01-10 04:00:00,3401.014193025142,0.1182860227552299,60.0,60.0,1,0.6129025,0.22580504,thermal_seismic,3
EVENT_0221,2023-01-10 05:00:00,3330.6548536209552,0.7442509094179713,2.0,2.0,0,0.019119127,0.9617618,thermal_seismic,3
EVENT_0222,2023-01-10 06:00:00,340.67737316121287,0.0499309495001592,16.0,16.0,0,0.088496335,0.82300735,thermal_seismic,3
EVENT_0223,2023-01-10 07:00:00,335.18187014600807,0.0613261888229617,2.0,1.2909944487358056,0,0.06423381,0.8715324,thermal_seismic,0
EVENT_0224,2023-01-10 08:00:00,339.8671230769232,0.027138396127597,52.0,20.005759170798797,1,0.91473085,0.8294617,thermal_seismic,0
EVENT_0225,2023-01-10 09:00:00,327.5657147258164,0.0534263240345732,58.0,58.0,1,0.9903824,0.98076475,thermal_seismic,3
EVENT_0226,2023-01-10 10:00:00,3357.056399132321,0.4679155386631839,12.0,10.875955130470151,0,0.06427653,0.87144697,thermal_seismic,3
EVENT_0227,2023-01-10 11:00:00,3390.397184822521,0.4942924236849695,62.0,61.90981182332894,0,0.24960713,0.5007857,thermal_seismic,3
EVENT_0228,2023-01-10 12:00:00,335.2134146341463,0.0673629654165194,8.0,8.0,0,0.051934343,0.89613134,thermal_seismic,3
EVENT_0229,2023-01-10 13:00:00,3402.2564023449554,0.4366465188876514,10.0,8.463994328920595,0,0.033592556,0.9328149,thermal_seismic,3
EVENT_0230,2023-01-10 14:00:00,3366.461238148355,0.4996128179152717,0.0,0.0,0,0.0930158,0.8139684,thermal_seismic,3
EVENT_0231,2023-01-10 15:00:00,331.79178681454084,0.0849570158352839,2.0,2.0,1,0.97937036,0.9587407,thermal_seismic,3
EVENT_0232,2023-01-10 16:00:00,3392.079790511398,0.2980395264364597,32.0,32.0,0,0.3605009,0.2789982,thermal_seismic,3
EVENT_0233,2023-01-10 17:00:00,340.49265417642465,0.0499295037779053,62.0,61.59152863827947,0,0.20634054,0.5873189,thermal_seismic,3
EVENT_0234,2023-01-10 18:00:00,335.73926987061,0.0575842750658347,14.0,8.225975119502044,0,0.15859678,0.68280643,thermal_seismic,0
EVENT_0235,2023-01-10 19:00:00,3300.08936825886,0.8367674253755913,8.0,8.0,0,0.01640168,0.96719664,thermal_seismic,3
EVENT_0236,2023-01-10 20:00:00,3295.537555826228,0.8834371857091735,18.0,17.64690341108037,0,0.14186992,0.7162602,thermal_seismic,3
EVENT_0237,2023-01-10 21:00:00,339.69970473034056,0.0493479954683315,60.0,60.0,0,0.07287533,0.85424936,thermal_seismic,3
EVENT_0238,2023-01-10 22:00:00,3321.025649045981,0.738141953416603,12.0,12.0,0,0.14455108,0.7108978,thermal_seismic,3
EVENT_0239,2023-01-10 23:00:00,322.307408074982,1.5688488406958851,2.0,2.0,1,0.9233603,0.8467206,thermal_seismic,3
EVENT_0240,2023-01-11 00:00:00,3361.9506172839506,0.6392749474730707,2.0,2.0,0,0.040376604,0.9192468,thermal_seismic,3
EVENT_0241,2023-01-11 01:00:00,339.1812030075188,0.0109019963671492,10.0,10.0,1,0.77059346,0.5411869,thermal_seismic,3
EVENT_0242,2023-01-11 02:00:00,3382.2351190476197,0.4240732024848536,56.0,56.0,0,0.031417344,0.9371653,thermal_seismic,3
EVENT_0243,2023-01-11 03:00:00,332.3482422123332,0.0699268063302491,62.0,60.280351691077584,1,0.99206674,0.9841335,thermal_seismic,3
EVENT_0244,2023-01-11 04:00:00,3268.6783733826246,1.037233780802708,2.0,1.2909944487358056,0,0.211998,0.576004,thermal_seismic,3
EVENT_0245,2023-01-11 05:00:00,3391.538461538461,0.4985185152621431,9.0,5.338539126015656,0,0.2958962,0.4082076,thermal_seismic,3
EVENT_0246,2023-01-11 06:00:00,3370.897040690505,0.4670431924319818,58.0,58.0,1,0.57466257,0.14932513,thermal_seismic,3
EVENT_0247,2023-01-11 07:00:00,3426.6127133608006,1.2557496703144406,3.0,1.8708286933869709,0,0.089314744,0.8213705,thermal_seismic,3
EVENT_0248,2023-01-11 08:00:00,3401.480781550288,0.4996305146712698,2.0,1.2909944487358056,0,0.092149936,0.8157001,thermal_seismic,3
EVENT_0249,2023-01-11 09:00:00,3404.0683918669133,0.2524171536430545,10.0,10.0,0,0.03475767,0.93048465,thermal_seismic,3
EVENT_0250,2023-01-11 10:00:00,3214.5015160703456,1.7633225381231548,58.0,58.0,0,0.10957262,0.78085476,thermal_seismic,3
EVENT_0251,2023-01-11 11:00:00,3364.5657957244657,0.5070230249408794,0.0,0.0,0,0.06571104,0.86857796,thermal_seismic,3
EVENT_0252,2023-01-11 12:00:00,333.9258274268105,0.0736829993563512,48.0,48.0,1,0.98242193,0.96484387,thermal_seismic,3
EVENT_0253,2023-01-11 13:00:00,340.16231343283584,0.0328591335153608,10.0,10.0,0,0.062068716,0.8758626,thermal_seismic,3
EVENT_0254,2023-01-11 14:00:00,3357.0895338067303,0.5415821892290017,12.0,12.0,1,0.7935981,0.58719623,thermal_seismic,3
EVENT_0255,2023-01-11 15:00:00,340.80517985611505,0.0431969309791933,60.0,60.0,0,0.14990461,0.7001908,thermal_seismic,3
EVENT_0256,2023-01-11 16:00:00,340.82654850746263,0.0182547652133897,14.0,14.0,1,0.63643706,0.27287412,thermal_seismic,3
EVENT_0257,2023-01-11 17:00:00,3390.667283379587,0.4711860258051142,12.0,12.0,1,0.9066996,0.8133992,thermal_seismic,3
EVENT_0258,2023-01-11 18:00:00,3335.869615163699,0.7042182911463681,62.0,61.91178240044459,1,0.55648535,0.11297071,thermal_seismic,3
EVENT_0259,2023-01-11 19:00:00,334.5435519125683,0.0185087863982887,3.0,1.8708286933869709,1,0.9115085,0.823017,thermal_seismic,0
EVENT_0260,2023-01-11 20:00:00,340.62367642526965,0.0262149479614224,12.0,12.0,0,0.16696966,0.6660607,thermal_seismic,3
EVENT_0261,2023-01-11 21:00:00,339.2497874306838,0.0463177475941534,62.0,60.9533789055209,0,0.08607948,0.82784104,thermal_seismic,3
EVENT_0262,2023-01-11 22:00:00,3262.1113853748843,1.482052443239794,8.0,8.0,0,0.02957765,0.9408447,thermal_seismic,3
EVENT_0263,2023-01-11 23:00:00,3331.7677754043334,0.7100733591489558,62.0,61.49895608870121,0,0.25596386,0.48807228,thermal_seismic,3
EVENT_0264,2023-01-12 00:00:00,340.42536064874093,0.0374602948247187,62.0,61.81850532000915,0,0.14225118,0.7154976,thermal_seismic,3
EVENT_0265,2023-01-12 01:00:00,343.2086580341377,0.1214289560127521,16.0,16.0,0,0.11371988,0.77256024,thermal_seismic,3
EVENT_0266,2023-01-12 02:00:00,334.9949337442219,0.0585250417344326,2576.0,52.02449423108311,1,0.9332859,0.8665718,thermal_seismic,0
EVENT_0267,2023-01-12 03:00:00,333.2397597042514,0.0733466616101335,18.0,16.04880057823637,1,0.9808847,0.96176934,thermal_seismic,3
EVENT_0268,2023-01-12 04:00:00,3339.750692520776,0.8519275379727861,14.0,14.0,0,0.045263354,0.9094733,thermal_seismic,3
EVENT_0269,2023-01-12 05:00:00,331.45942698706097,0.0759059763836104,10.0,10.0,1,0.9853526,0.97070515,thermal_seismic,3
EVENT_0270,2023-01-12 06:00:00,331.0103710691824,0.0613741032248522,6.0,6.0,1,0.98302746,0.9660549,thermal_seismic,3
EVENT_0271,2023-01-12 07:00:00,3395.702846975089,0.4570044908939688,52.0,52.0,0,0.26959336,0.46081328,thermal_seismic,3
EVENT_0272,2023-01-12 08:00:00,340.6919297163996,0.0486194106786769,60.0,60.0,0,0.09606391,0.8078722,thermal_seismic,3
EVENT_0273,2023-01-12 09:00:00,338.0427902679396,0.044443380799048,54.0,54.0,0,0.11882744,0.76234514,thermal_seismic,3
EVENT_0274,2023-01-12 10:00:00,338.96072072072064,0.0533003002157114,38.0,36.00041110876374,1,0.96573824,0.9314765,thermal_seismic,0
EVENT_0275,2023-01-12 11:00:00,3195.737787582729,11.537437374155871,16.0,16.0,0,0.041123718,0.91775256,thermal_seismic,3
EVENT_0276,2023-01-12 12:00:00,3392.910043130006,0.2977284063228537,60.0,60.0,0,0.3288474,0.34230518,thermal_seismic,3
EVENT_0277,2023-01-12 13:00:00,341.0268370803819,0.025238113440607,10.0,10.0,0,0.07002503,0.85994995,thermal_seismic,3
EVENT_0278,2023-01-12 14:00:00,3341.711728395061,0.6282334435256458,3.0,1.8708286933869709,0,0.14927153,0.7014569,thermal_seismic,3
EVENT_0279,2023-01-12 15:00:00,3305.0946946329427,0.759867993115059,26.0,24.612192100664256,1,0.70476073,0.40952146,thermal_seismic,3
EVENT_0280,2023-01-12 16:00:00,3403.017014925373,0.1316147127529978,18.0,17.083606176682956,0,0.13043581,0.73912835,thermal_seismic,3
EVENT_0281,2023-01-12 17:00:00,338.07493070526635,0.0520002114630759,0.0,0.0,0,0.45259014,0.094819725,thermal_seismic,0
EVENT_0282,2023-01-12 18:00:00,334.53353103872155,0.0857612220353994,1.0,0.7071067811865476,1,0.95391256,0.9078251,thermal_seismic,0
EVENT_0283,2023-01-12 19:00:00,337.31064975247523,0.0469398825541268,60.0,58.1862629836287,1,0.8327951,0.66559017,thermal_seismic,3
EVENT_0284,2023-01-12 20:00:00,3403.1058495821726,0.3492040925674299,0.0,0.0,0,0.11369358,0.7726128,thermal_seismic,3
EVENT_0285,2023-01-12 21:00:00,339.3801964452759,0.0302601558378452,16.0,16.0,1,0.6315964,0.26319277,thermal_seismic,3
EVENT_0286,2023-01-12 22:00:00,340.4247812692545,0.0365999282056937,10.0,10.0,0,0.045677125,0.90864575,thermal_seismic,3
EVENT_0287,2023-01-12 23:00:00,337.5850877742947,0.0489312915478158,10.0,10.0,0,0.16810079,0.66379845,thermal_seismic,3
EVENT_0288,2023-01-13 00:00:00,340.0543338683788,0.0203618374110999,0.0,0.0,0,0.033881668,0.9322367,thermal_seismic,0
EVENT_0289,2023-01-13 01:00:00,3204.5684057971016,18.78436257019817,4080.0,43.13574387906159,1,0.97549874,0.9509975,thermal_seismic,3
EVENT_0290,2023-01-13 02:00:00,330.6949799938442,0.085353399107366,62.0,61.638653457063775,1,0.98852867,0.97705734,thermal_seismic,3
EVENT_0291,2023-01-13 03:00:00,3362.824436902191,0.5377179307761794,32.0,32.0,1,0.63089025,0.2617805,thermal_seismic,3
EVENT_0292,2023-01-13 04:00:00,3312.1211093990755,0.7266454164318142,60.0,59.90907109945872,1,0.6726126,0.34522521,thermal_seismic,3
EVENT_0293,2023-01-13 05:00:00,3290.6405723905723,0.4798326823057838,0.0,0.0,1,0.5306682,0.061336398,thermal_seismic,3
EVENT_0294,2023-01-13 06:00:00,3323.549291435613,0.7765853679631202,58.0,58.0,0,0.034969524,0.930061,thermal_seismic,3
EVENT_0295,2023-01-13 07:00:00,3400.204800498753,13.349237209010994,18.0,18.0,0,0.32200107,0.35599786,thermal_seismic,3
EVENT_0296,2023-01-13 08:00:00,3360.278137526981,0.6024720251278569,12.0,12.0,1,0.5857721,0.1715442,thermal_seismic,3
EVENT_0297,2023-01-13 09:00:00,3448.897888433659,20.59344055371584,10.0,10.0,0,0.02871846,0.94256306,thermal_seismic,3
EVENT_0298,2023-01-13 10:00:00,3352.8328211432085,0.5618081217592543,44.0,43.96265233126864,0,0.285581,0.428838,thermal_seismic,3
EVENT_0299,2023-01-13 11:00:00,3329.640369799692,0.6842519914091719,14.0,12.246207576225386,0,0.06575026,0.86849946,thermal_seismic,3
EVENT_0300,2023-01-13 12:00:00,336.6205021565004,0.0507305881182953,44.0,42.13982439450834,0,0.29384565,0.4123087,thermal_seismic,3
EVENT_0301,2023-01-13 13:00:00,335.3510372040586,0.049190123896107,40.0,40.0,0,0.063477255,0.8730455,thermal_seismic,3
EVENT_0302,2023-01-13 14:00:00,340.8530890052356,0.0393053216299729,62.0,60.86785358463037,0,0.3397433,0.32051343,thermal_seismic,3
EVENT_0303,2023-01-13 15:00:00,338.22493838570546,0.0538377382236391,16.0,16.0,0,0.42134306,0.15731388,thermal_seismic,3
EVENT_0304,2023-01-13 16:00:00,335.9147720271102,0.0592289263085586,18.0,18.0,0,0.13467576,0.7306485,thermal_seismic,3
EVENT_0305,2023-01-13 17:00:00,332.1388104776579,0.0687040692769629,2.0,2.0,1,0.98067665,0.9613533,thermal_seismic,3
EVENT_0306,2023-01-13 18:00:00,345.36992751339426,1.9977187181100025,58.0,58.0,0,0.1690685,0.66186297,thermal_seismic,3
EVENT_0307,2023-01-13 19:00:00,340.6536301075269,0.1355964314125387,50.0,48.491970469346775,0,0.13181986,0.7363603,thermal_seismic,3
EVENT_0308,2023-01-13 20:00:00,339.726738594328,0.0471149600437213,16.0,16.0,0,0.06132608,0.8773478,thermal_seismic,3
EVENT_0309,2023-01-13 21:00:00,338.60067880283856,0.0448471181126459,14.0,14.0,1,0.6513494,0.30269885,thermal_seismic,3
EVENT_0310,2023-01-13 22:00:00,334.4277565944111,0.0655853948549433,62.0,60.280351691077584,1,0.9912034,0.98240685,thermal_seismic,3
EVENT_0311,2023-01-13 23:00:00,330.80966027052534,0.1134053977457223,12.0,12.0,1,0.9825942,0.9651884,thermal_seismic,3
EVENT_0312,2023-01-14 00:00:00,336.217372959655,0.0512855714463134,58.0,58.0,1,0.811167,0.622334,thermal_seismic,3
EVENT_0313,2023-01-14 01:00:00,333.47278188539747,0.0734758450608949,10.0,10.0,1,0.9817824,0.96356475,thermal_seismic,3
EVENT_0314,2023-01-14 02:00:00,336.9532902033272,0.0610209418020209,58.0,57.29998254799036,1,0.80995566,0.6199113,thermal_seismic,3
EVENT_0315,2023-01-14 03:00:00,334.27712209302325,0.0740318355036986,58.0,58.0,1,0.9904705,0.98094106,thermal_seismic,3
EVENT_0316,2023-01-14 04:00:00,3288.022650056625,2.646296371049292,62.0,62.0,1,0.55610657,0.112213135,thermal_seismic,3
EVENT_0317,2023-01-14 05:00:00,3325.388358484756,0.7004947766829309,286.0,165.266451526013,1,0.8756998,0.75139964,thermal_seismic,3
EVENT_0318,2023-01-14 06:00:00,340.72457627118644,0.0226485330013476,52.0,52.0,0,0.27014884,0.4597023,thermal_seismic,3
EVENT_0319,2023-01-14 07:00:00,3250.572222222222,1.8819398318926663,18.0,16.048588722999913,1,0.800617,0.60123396,thermal_seismic,3
EVENT_0320,2023-01-14 08:00:00,336.47646854663776,0.0449663840197719,50.0,50.0,0,0.06743318,0.86513364,thermal_seismic,3
EVENT_0321,2023-01-14 09:00:00,337.1102064078866,0.0548570137849482,8.0,8.0,0,0.09810311,0.8037938,thermal_seismic,3
EVENT_0322,2023-01-14 10:00:00,3391.319470117068,0.466271338780602,3.0,1.8708286933869709,1,0.9629325,0.92586505,thermal_seismic,3
EVENT_0323,2023-01-14 11:00:00,3337.035519125683,0.1850878639829502,4.0,2.449489742783178,0,0.17120668,0.65758663,thermal_seismic,3
EVENT_0324,2023-01-14 12:00:00,5.478111111111111,0.0030347778408329,12.0,12.0,1,0.98622745,0.9724549,thermal_seismic,3
EVENT_0325,2023-01-14 13:00:00,3318.7832922318125,0.7206344048314015,56.0,56.0,0,0.092225514,0.81554896,thermal_seismic,3
EVENT_0326,2023-01-14 14:00:00,3371.918644067797,0.6427315633500833,58.0,58.0,0,0.09118303,0.8176339,thermal_seismic,3
EVENT_0327,2023-01-14 15:00:00,340.6522506234414,1.2932204950852688,12.0,12.0,0,0.10821398,0.783572,thermal_seismic,3
EVENT_0328,2023-01-14 16:00:00,3397.8478126925447,0.3659992820568543,2.0,1.2909944487358056,1,0.68291163,0.36582327,thermal_seismic,3
EVENT_0329,2023-01-14 17:00:00,339.59687205387206,0.0433808650755759,18.0,17.911381856238787,0,0.06432602,0.87134796,thermal_seismic,3
EVENT_0330,2023-01-14 18:00:00,3386.657521578298,0.4745386732083929,16.0,16.0,1,0.5079746,0.01594925,thermal_seismic,3
EVENT_0331,2023-01-14 19:00:00,3345.59432491425,0.6027731137865081,56.0,56.0,0,0.17867668,0.6426467,thermal_seismic,3
EVENT_0332,2023-01-14 20:00:00,338.5264386937769,0.0576635644105086,60.0,60.0,0,0.20997813,0.58004373,thermal_seismic,3
EVENT_0333,2023-01-14 21:00:00,332.5633312788907,0.0696836100423495,60.0,60.0,1,0.9929132,0.9858264,thermal_seismic,3
EVENT_0334,2023-01-14 22:00:00,3382.711711711712,0.5433859045045125,16.0,16.0,0,0.096363254,0.8072735,thermal_seismic,3
EVENT_0335,2023-01-14 23:00:00,332.76435921133697,0.0774195210695033,2.0,1.2909944487358056,1,0.97366446,0.9473289,thermal_seismic,0
EVENT_0336,2023-01-15 00:00:00,3398.862260654725,0.4412935992830554,58.0,58.0,0,0.2813864,0.4372272,thermal_seismic,3
EVENT_0337,2023-01-15 01:00:00,337.7545118570988,0.0617105548165105,62.0,62.0,0,0.39258498,0.21483004,thermal_seismic,3
EVENT_0338,2023-01-15 02:00:00,3216.616787173845,0.5064387577139992,429.0,247.82756101773668,1,0.98399115,0.9679823,thermal_seismic,3
EVENT_0339,2023-01-15 03:00:00,330.0640572390572,0.0479832682305892,58.0,58.0,1,0.9806204,0.96124077,thermal_seismic,3
EVENT_0340,2023-01-15 04:00:00,324.6005982905983,0.0291852497076371,2.0,1.2909944487358056,1,0.9527767,0.90555334,thermal_seismic,0
EVENT_0341,2023-01-15 05:00:00,3297.1887896519866,0.8957470507766957,3.0,1.8708286933869709,0,0.16027802,0.67944396,thermal_seismic,3
EVENT_0342,2023-01-15 06:00:00,334.1542390634627,0.0722115023674835,3.0,1.8708286933869709,1,0.97918564,0.9583713,thermal_seismic,0
EVENT_0343,2023-01-15 07:00:00,324.80259636139374,0.1195790471441384,50.0,49.55624683125227,1,0.98361176,0.9672235,thermal_seismic,3
EVENT_0344,2023-01-15 08:00:00,332.28607516943936,0.0780401449265984,3450.0,79.4922210030642,1,0.9901917,0.9803834,thermal_seismic,0
EVENT_0345,2023-01-15 09:00:00,331.92258163894013,0.070894656574177,60.0,60.0,1,0.9925426,0.98508525,thermal_seismic,3
EVENT_0346,2023-01-15 10:00:00,3307.520493066256,0.7743752810090865,62.0,61.43901691921836,0,0.27686128,0.44627744,thermal_seismic,3
EVENT_0347,2023-01-15 11:00:00,3314.282712511939,0.7013316322457591,30.0,28.332765484505742,0,0.13395067,0.7320987,thermal_seismic,3
EVENT_0348,2023-01-15 12:00:00,3231.920271142673,1.2080677490632354,60.0,60.0,1,0.9333877,0.8667754,thermal_seismic,3
EVENT_0349,2023-01-15 13:00:00,3239.731269627636,0.9585464795726016,22.0,22.0,1,0.8588166,0.71763325,thermal_seismic,3
EVENT_0350,2023-01-15 14:00:00,264.0431034482759,1.090375646053432,0.0,0.0,1,0.5850684,0.17013681,thermal_seismic,2
EVENT_0351,2023-01-15 15:00:00,3272.1838371375693,1.0948864749232992,14.0,13.524865988245503,0,0.06617657,0.8676469,thermal_seismic,3
EVENT_0352,2023-01-15 16:00:00,3219.9740980573542,1.136915160815306,33.0,19.196353820452465,1,0.9793061,0.9586122,thermal_seismic,3
EVENT_0353,2023-01-15 17:00:00,3309.8921749845963,0.7488461538326177,42.0,42.0,0,0.20153002,0.5969399,thermal_seismic,3
EVENT_0354,2023-01-15 18:00:00,3300.8475486903963,0.4850993630396301,24.0,24.0,0,0.14767696,0.7046461,thermal_seismic,3
EVENT_0355,2023-01-15 19:00:00,338.7196638914585,0.043975063861883,16.0,16.0,0,0.3176646,0.3646708,thermal_seismic,3
EVENT_0356,2023-01-15 20:00:00,332.7821034801355,0.0678839687210771,42.0,42.0,1,0.98286027,0.96572053,thermal_seismic,3
EVENT_0357,2023-01-15 21:00:00,334.0340757439134,0.0684460452463785,44.0,44.0,1,0.9836564,0.9673128,thermal_seismic,3
EVENT_0358,2023-01-15 22:00:00,3400.9459208899875,0.2261737382470208,58.0,58.0,0,0.2989354,0.40212917,thermal_seismic,3
EVENT_0359,2023-01-15 23:00:00,335.0225478099938,0.0686333387725715,62.0,62.0,1,0.66533524,0.33067048,thermal_seismic,3
EVENT_0360,2023-01-16 00:00:00,3359.921913580247,0.5717754825175433,18.0,17.95801770797657,1,0.75355023,0.50710046,thermal_seismic,3
EVENT_0361,2023-01-16 01:00:00,337.9143438077634,0.0607499656063749,518.0,16.624391718195287,1,0.97978747,0.95957494,thermal_seismic,0
EVENT_0362,2023-01-16 02:00:00,3236.052728954672,1.2569858260407931,18.0,17.99837770467105,1,0.87081003,0.74162006,thermal_seismic,3
EVENT_0363,2023-01-16 03:00:00,339.94193776956246,0.0269256033825428,4.0,2.449489742783178,0,0.05147586,0.8970483,thermal_seismic,0
EVENT_0364,2023-01-16 04:00:00,337.69607142857143,0.0490710234385824,10.0,10.0,1,0.74901724,0.49803448,thermal_seismic,3
EVENT_0365,2023-01-16 05:00:00,333.61878890600923,0.0617189324743097,60.0,60.0,1,0.99195284,0.9839057,thermal_seismic,3
EVENT_0366,2023-01-16 06:00:00,334.3798028342575,0.0690898354661014,12.0,12.0,1,0.9820545,0.96410894,thermal_seismic,3
EVENT_0367,2023-01-16 07:00:00,3358.5052404438966,0.5079245360240443,10.0,8.59923252389421,0,0.11550774,0.76898456,thermal_seismic,3
EVENT_0368,2023-01-16 08:00:00,3294.514264264264,0.7825657438053444,12.0,12.0,0,0.027975097,0.94404984,thermal_seismic,3
EVENT_0369,2023-01-16 09:00:00,3367.1214285714286,0.501402204187215,3.0,1.8708286933869709,1,0.5689278,0.13785565,thermal_seismic,3
EVENT_0370,2023-01-16 10:00:00,329.81255102040814,0.2559636989836131,52.0,52.0,1,0.9756507,0.95130146,thermal_seismic,3
EVENT_0371,2023-01-16 11:00:00,3383.6603948180136,0.4755251957499322,60.0,60.0,0,0.13616051,0.727679,thermal_seismic,3
EVENT_0372,2023-01-16 12:00:00,330.57845389287684,0.0498682466206027,4.0,4.0,1,0.9834064,0.96681285,thermal_seismic,3
EVENT_0373,2023-01-16 13:00:00,3393.9523809523807,0.2129588549999799,12.0,10.19370393919698,0,0.16351114,0.6729777,thermal_seismic,3
EVENT_0374,2023-01-16 14:00:00,329.94039137134047,0.0436494050049526,22.0,22.0,1,0.9741576,0.94831514,thermal_seismic,3
EVENT_0375,2023-01-16 15:00:00,340.34081664098613,0.0192568871988082,8.0,8.0,0,0.073604286,0.8527914,thermal_seismic,3
EVENT_0376,2023-01-16 16:00:00,3343.9546156221054,0.707287627297089,10.0,10.0,0,0.027156888,0.9456862,thermal_seismic,3
EVENT_0377,2023-01-16 17:00:00,306.975,0.0335410196625087,12.0,12.0,1,0.9826956,0.96539116,thermal_seismic,3
EVENT_0378,2023-01-16 18:00:00,3400.9948881789137,0.071314026470562,12.0,12.0,0,0.091567345,0.8168653,thermal_seismic,3
EVENT_0379,2023-01-16 19:00:00,3227.978362183755,1.237936938416774,12.0,11.957575004991606,0,0.19891448,0.60217106,thermal_seismic,3
EVENT_0380,2023-01-16 20:00:00,3379.8191063174118,0.6316792032473857,12.0,12.0,0,0.119801305,0.7603974,thermal_seismic,3
EVENT_0381,2023-01-16 21:00:00,3381.4049511002445,0.4921262038774193,6.0,4.000249992187988,1,0.76985586,0.5397117,thermal_seismic,3
EVENT_0382,2023-01-16 22:00:00,339.35876799464336,0.0405175185209364,18.0,18.0,1,0.7696055,0.53921103,thermal_seismic,3
EVENT_0383,2023-01-16 23:00:00,338.12049999999994,0.011450486293761,10.0,10.0,1,0.8661197,0.73223937,thermal_seismic,3
EVENT_0384,2023-01-17 00:00:00,3389.889163322013,0.3226595412542651,3.0,1.8708286933869709,1,0.85836995,0.7167399,thermal_seismic,3
